a,tauU/tau0,muU/muABL,diff,UT,diff,Uon/Uoff,diff,列番号,列（英語表記）
0.0047625,2.17485901,0.127120452,0.013793 ,210.657692,34.077811,1.128079794,0.109772346,,
