rho,n-1/n,,UT,diff,Uon/Uoff,diff
7.9,-1.008032129,0.000117779,1.18705496,0.021946543,1.010495383,0.00720292
