rho,n-1/n,,UT,diff,Uon/Uoff,diff
8.65,-1.008032129,0.000121659,1.254019621,0.024625193,1.02056866,0.032644821,62880638.07
