rho,n-1/n,,UT,diff,Uon/Uoff,diff
2.7,-1.008032129,0.367427338,0.449971713,0.018547487,1.003093481,0.018549212
