rho,n-1/n,rho*1000,UT,diff,Uon/Uoff,diff
2.7,-1.008032129,0.554119835,0.449971713,0.018547487,1.003093481,0.018549212
