rho,n-1/n,,UT,diff,Uon/Uoff,diff
3.8,-1.008032129,0.3350842,0.800051243,0.010532422,0.99470133,0.005809628
