rho,n-1/n,,UT,diff,Uon/Uoff,diff
8.65,-1.008032129,0.113620752,1.254019621,0.024625193,1.02056866,0.032644821
