rho,n-1/n,,UT,diff,Uon/Uoff,diff
2.7,-1.008032129,0.367427338,0.449971713,0.018547487,1.003093481,0.018549212
3.8,-1.008032129,0.260351154,0.800051243,0.010532422,0.99470133,0.005809628
7.9,-1.008032129,0.124498194,1.18705496,0.021946543,1.010495383,0.00720292
8.65,-1.008032129,0.113620752,1.254019621,0.024625193,1.02056866,0.032644821
