rho,n-1/n,rho*1000,UT,diff,Uon/Uoff,diff
2700,-1.008032129,0.554119835,0.449971713,0.018547487,1.003093481,0.018549212
3800,-1.008032129,0.3350842,0.800051243,0.010532422,0.99470133,0.005809628
7900,-1.008032129,0.134994719,1.18705496,0.021946543,1.010495383,0.00720292
8650,-1.008032129,0.121659071,1.254019621,0.024625193,1.02056866,0.032644821
