rho,n-1/n,,UT,diff,Uon/Uoff,diff
2.7,-2.333333333,2.90E-08,0.036146438,0.001550707,0.994463742,0.013311901,58635829074
