rho,n-1/n,,UT,diff,Uon/Uoff,diff
3.8,-2.333333333,9.05E-06,0.091881525,0.001607947,1.031230574,0.017462988
