rho,n-1/n,,UT,diff,Uon/Uoff,diff
7.9,-2.333333333,1.10328E-09,0.210657692,0.034077811,1.128079794,0.109772346,6.25408E+12
