rho,n-1/n,,UT,diff,Uon/Uoff,diff
8.65,-2.333333333,0.0000000006510721,0.246721718,0.021748303,1.053306771,0.117229335
