rho,n-1/n,,UT,diff,Uon/Uoff,diff
8.65,-2.333333333,8.67208E-10,0.246721718,0.021748303,1.053306771,0.117229335,8.82141E+12
