rho,n-1/n,,UT,diff,Uon/Uoff,diff
2.7,-2.333333333,0.09851096,0.122249318,0.010999886,1.364286858,0.169151378
