rho,n-1/n,,UT,diff,Uon/Uoff,diff
7.9,-2.333333333,0.008045199,0.210657692,0.034077811,1.128079794,0.109772346
