rho,n-1/n,,UT,diff,Uon/Uoff,diff
2700,-2.333333333,2.89925E-05,0.122249318,0.010999886,1.364286858,0.169151378
3800,-2.333333333,9.04964E-06,0.091881525,0.001607947,1.031230574,0.017462988
7900,-2.333333333,1.10328E-06,0.210657692,0.034077811,1.128079794,0.109772346
8650,-2.333333333,8.67208E-07,0.246721718,0.021748303,1.053306771,0.117229335
