rho,n-1/n,,UT,diff,Uon/Uoff,diff
2700,-2.333333333,0.0000000098510960 ,0.122249318,0.010999886,1.364286858,0.169151378
3800,-2.333333333,0.0000000044378397 ,0.091881525,0.001607947,1.031230574,0.017462988
7900,-2.333333333,0.0000000008045199 ,0.210657692,0.034077811,1.128079794,0.109772346
8650,-2.333333333,0.0000000006510721 ,0.246721718,0.021748303,1.053306771,0.117229335
