rho,n-1/n,,UT,diff,Uon/Uoff,diff
2.7,-2.333333333,0.09851096,0.122249318,0.010999886,1.364286858,0.169151378
3.8,-2.333333333,0.044378397,0.091881525,0.001607947,1.031230574,0.017462988
7.9,-2.333333333,0.008045199,0.210657692,0.034077811,1.128079794,0.109772346
8.65,-2.333333333,0.006510721,0.246721718,0.021748303,1.053306771,0.117229335
