rho,n-1/n,,UT,diff,Uon/Uoff,diff
3.8,-2.5,0.000000001123417,0.057200906,0.008833655,1.118238753,0.03536135
