rho,n-1/n,,UT,diff,Uon/Uoff,diff
7.9,-2.5,0.005700754,0.142023183,0.00927701,1.17072095,0.040192879
