rho,n-1/n,,UT,diff,Uon/Uoff,diff
2.7,-2.5,0.000000002639919,0.021023416,0.002462857,1.076478543,0.024475786
