rho,n-1/n,,UT,diff,Uon/Uoff,diff
8.65,-2.5,1.95365E-10,0.211008869,0.040411041,1.150223982,0.059291234,3.91575E+13
