rho,n-1/n,,UT,diff,Uon/Uoff,diff
2.7,-2.5,8.39224E-09,0.021023416,0.002462857,1.076478543,0.024475786,2.02568E+11
