rho,n-1/n,,UT,diff,Uon/Uoff,diff
2700,-2.5,0.000000002639919 ,0.021023416,0.002462857,1.076478543,0.024475786
3800,-2.5,0.000000001123417 ,0.057200906,0.008833655,1.118238753,0.03536135
7900,-2.5,0.000000000180274 ,0.142023183,0.00927701,1.17072095,0.040192879
8650,-2.5,0.000000000143701 ,0.211008869,0.040411041,1.150223982,0.059291234
