rho,n-1/n,,UT,diff,Uon/Uoff,diff
2.7,-2.5,0.083481566,0.021023416,0.002462857,1.076478543,0.024475786
3.8,-2.5,0.035525566,0.057200906,0.008833655,1.118238753,0.03536135
7.9,-2.5,0.005700754,0.142023183,0.00927701,1.17072095,0.040192879
8.65,-2.5,0.004544224,0.211008869,0.040411041,1.150223982,0.059291234
