rho,n-1/n,,UT,diff,Uon/Uoff,diff
3.8,-2.566666667,0.0000000006484683,0.039996251,0.006733526,1.171951276,0.087793219
