rho,n-1/n,,UT,diff,Uon/Uoff,diff
7.9,-2.566666667,0.0000000000991038,0.126576173,0.009487763,1.130898513,0.105607783
