rho,n-1/n,,UT,diff,Uon/Uoff,diff
2.7,-2.566666667,5.11E-06,0.00881666,0.000736659,1.309160452,0.145352704
