rho,n-1/n,,UT,diff,Uon/Uoff,diff
8.65,-2.566666667,1.08E-07,0.123919568,0.010578379,1.12130593,0.049676066
