rho,n-1/n,,UT,diff,Uon/Uoff,diff
2700,-2.566666667,0.0000000015589529 ,0.00881666,0.000736659,1.309160452,0.145352704
3800,-2.566666667,0.0000000006484683 ,0.039996251,0.006733526,1.171951276,0.087793219
7900,-2.566666667,0.0000000000991038 ,0.126576173,0.009487763,1.130898513,0.105607783
8650,-2.566666667,0.0000000000785221 ,0.123919568,0.010578379,1.12130593,0.049676066
