rho,n-1/n,,UT,diff,Uon/Uoff,diff,1/n,rho^1/n
2700,-2.566666667,5.1111E-09,0.00881666,0.000736659,1.309160452,0.145352704,3.566666667,3.32609E+11
3800,-2.566666667,1.42002E-09,0.039996251,0.006733526,1.171951276,0.087793219,3.566666667,1.9718E+12
7900,-2.566666667,1.4027E-10,0.126576173,0.009487763,1.130898513,0.105607783,3.566666667,4.91921E+13
8650,-2.566666667,1.0763E-10,0.123919568,0.010578379,1.12130593,0.049676066,3.566666667,7.10765E+13
