rho,n-1/n,,UT,diff,Uon/Uoff,diff
8.65,-2.633333333,0.0000000000429,0.098093329,0.020223236,1.037947163,0.027569644
