rho,n-1/n,,UT,diff,Uon/Uoff,diff
2.7,-2.633333333,0.073126607,1.125950965,0.145679665,1.125950965,0.145679665
