rho,n-1/n,,UT,diff,Uon/Uoff,diff
7.9,-2.633333333,7.78092E-11,0.083131143,0.014918288,1.126019162,0.102460403,8.86785E+13
