rho,n-1/n,,UT,diff,Uon/Uoff,diff
3.8,-2.633333333,0.029732849,1.074940284,0.042564413,1.074940284,0.042564413
