rho,n-1/n,,UT,diff,Uon/Uoff,diff
7.9,-2.633333333,0.004327615,1.126019162,0.102460403,1.126019162,0.102460403
