rho,n-1/n,,UT,diff,Uon/Uoff,diff
3.8,-2.633333333,8.37E-07,0.021598965,0.001688652,1.074940284,0.042564413
