rho,n-1/n,,UT,diff,Uon/Uoff,diff
2.7,-2.633333333,0.0000000009206,0.002049252,0.000166262,1.125950965,0.145679665
