rho,n-1/n,,UT,diff,Uon/Uoff,diff
8.65,-2.633333333,0.003408194,1.037947163,0.027569644,1.037947163,0.027569644
