rho,n-1/n,,UT,diff,Uon/Uoff,diff
2700,-2.633333333,0.0000000009206 ,0.002049252,0.000166262,1.125950965,0.145679665
3800,-2.633333333,0.0000000003743 ,0.021598965,0.001688652,1.074940284,0.042564413
7900,-2.633333333,0.0000000000545 ,0.083131143,0.014918288,1.126019162,0.102460403
8650,-2.633333333,0.0000000000429 ,0.098093329,0.020223236,1.037947163,0.027569644
