rho,n-1/n,,UT,diff,Uon/Uoff,diff
3.8,-2.766666667,0.000000000124718836,0.009426212,0.000210334,0.981946649,0.044912278
