rho,n-1/n,,UT,diff,Uon/Uoff,diff
7.9,-2.766666667,2.39E-08,0.074206736,0.003026074,1.043516715,0.039800579
