rho,n-1/n,,UT,diff,Uon/Uoff,diff
7.9,-2.766666667,2.39433E-11,0.074206736,0.003026074,1.043516715,0.039800579,2.88181E+14
