rho,n-1/n,,UT,diff,Uon/Uoff,diff
8.65,-2.766666667,1.80E-11,0.090776432,0.002572923,1.05680544,0.025906484,4.25068E+14
