rho,n-1/n,,UT,diff,Uon/Uoff,diff
3.8,-2.766666667,0.024884679,0.009426212,0.000210334,0.981946649,0.044912278
7.9,-2.766666667,0.003285224,0.074206736,0.003026074,1.043516715,0.039800579
8.65,-2.766666667,0.002556164,0.090776432,0.002572923,1.05680544,0.025906484
