rho,n-1/n,,UT,diff,Uon/Uoff,diff
3800,-2.766666667,0.000000000124718836 ,0.009426212,0.000210334,0.981946649,0.044912278
7900,-2.766666667,0.000000000016465126 ,0.074206736,0.003026074,1.043516715,0.039800579
8650,-2.766666667,0.000000000012811169 ,0.090776432,0.002572923,1.05680544,0.025906484
