a,tauU/tau0,muU/muABL,diff,Uon/Uoff,diff,UT,diff,列番号,列（英語表記）
0.0055,0.773530283,0.117623545,0.009708963,1.072455303,0.028698461,0.171655377,0.021947492,71,BS
