a,tauU/tau0,muU/muABL,diff,Uon/Uoff,diff,UT,diff,列番号,列（英語表記）
0.0075,0.797353766,0.092690929,0.004412547,1.134794737,0.06275393,0.302842171,0.019698435,30,AD
