,muU/muABL,diff,Uon/Uoff,diff,UT,diff,列番号,列（英語表記）
10,0.151840663,0.018948817,1.20048054,0.057053997,0.17953388,0.03393173,13,M
