,muU/muABL,diff,Uon/Uoff,diff,UT,diff,列番号,列（英語表記）
20,0.154290215,0.012815393,1.116263939,0.033308316,0.161394329,0.019238365,21,U
