,muU/muABL,diff,Uon/Uoff,diff,UT,diff,列番号,列（英語表記）
5,0.142064012,0.017083315,1.157504559,0.045890135,0.179660377,0.032524056,5,E
