a,tauU/tau0,muU/muABL,diff,Uon/Uoff,diff,UT,diff,列番号,列（英語表記）
0.005,0.418660442,0.168197671,0.015297712,1.118238753,0.03536135,0.057200906,0.008833655,30,AD
