a,tauU/tau0,muU/muABL,diff,Uon/Uoff,diff,UT,diff,列番号,列（英語表記）
0.005,0.52948928,0.343516152,0.03621522,1.171951276,0.087793219,0.039996251,0.006733526,29,AC
