%,muU/muABL,diff,Uon/Uoff,diff,UT,diff,列番号,列（英語表記）
0.95,0.143778068,0.012287473,1.084409404,0.052542349,0.151049422,0.012287473,21,U
