%,muU/muABL,diff,Uon/Uoff,diff,UT,diff,列番号,列（英語表記）
1,0.166614844,0.033999336,1.159368543,0.079355597,0.148952666,0.033999336,5,E
