%,muU/muABL,diff,Uon/Uoff,diff,UT,diff,列番号,列（英語表記）
1.05,0.177886979,0.033750289,1.168515424,0.055052593,0.149289631,0.033750289,13,M
