a,tauU/tau0,muU/muABL,diff,Uon/Uoff,diff,UT,diff,列番号,列（英語表記）
0.0047625,1.58326552,0.168658019,0.010499338,1.364286858,0.169151378,0.122249318,0.010999886,59,BG
