a,tauU/tau0,muU/muABL,diff,Uon/Uoff,diff,UT,diff,列番号,列（英語表記）
0.005,0.2176722,5.937040805,0.34786749,1.125950965,0.145679665,0.002049252,0.000166262,13,M
