rho,,,UT,diff,Uon/Uoff,diff,
3.8,0.003217544,,0.800051243,0.010532422,0.99470133,0.005809628,0.2
