rho,,,UT,diff,Uon/Uoff,diff,
7.9,0.000966648,,1.18705496,0.021946543,1.010495383,0.00720292,0.2
