rho,,,UT,diff,Uon/Uoff,diff,
2.7,0.003966802,,0.449971713,0.018547487,1.003093481,0.018549212,0.2
