rho,,,UT,diff,Uon/Uoff,diff,
8.65,0.000898359,,1.254019621,0.024625193,1.02056866,0.032644821,0.2
