rho,,,UT,diff,Uon/Uoff,diff,
8.65,3.64E-03,,0.246721718,0.021748303,1.053306771,0.117229335,0.5
