rho,,,UT,diff,Uon/Uoff,diff,
2.7,2.48E-01,,0.036146438,0.001550707,0.994463742,0.013311901,0.5
