rho,,,UT,diff,Uon/Uoff,diff,
3.8,2.75E-02,,0.091881525,0.001607947,1.031230574,0.017462988,0.5
