rho,,,UT,diff,Uon/Uoff,diff,
2.7,2.48E-01,,0.122249318,0.010999886,1.364286858,0.169151378,0.5
