rho,,,UT,diff,Uon/Uoff,diff,
7.9,4.95E-03,,0.210657692,0.034077811,1.128079794,0.109772346,0.5
