rho,,,UT,diff,Uon/Uoff,diff,
8.65,0.001686531,,0.211008869,0.040411041,1.150223982,0.059291234,0.7
