rho,,,UT,diff,Uon/Uoff,diff,
3.8,0.022858763,,0.057200906,0.008833655,1.118238753,0.03536135,0.7
