rho,,,UT,diff,Uon/Uoff,diff,
2.7,0.108420271,,0.021023416,0.002462857,1.076478543,0.024475786,0.7
