rho,,,UT,diff,Uon/Uoff,diff,
7.9,0.002937819,,0.142023183,0.00927701,1.17072095,0.040192879,0.7
