rho,,,UT,diff,Uon/Uoff,diff,
2.7,0.412021662,,0.00881666,0.000736659,1.309160452,0.145352704,1
