rho,,,UT,diff,Uon/Uoff,diff,
7.9,0.004200679,,0.126576173,0.009487763,1.130898513,0.105607783,1
