rho,,,UT,diff,Uon/Uoff,diff,
3.8,0.06719873,,0.039996251,0.006733526,1.171951276,0.087793219,1
