rho,,,UT,diff,Uon/Uoff,diff,
8.65,0.004122464,,0.123919568,0.010578379,1.12130593,0.049676066,1
