rho,,,UT,diff,Uon/Uoff,diff,
7.9,0.006660725,,0.083131143,0.014918288,1.126019162,0.102460403,1.3
