rho,,,UT,diff,Uon/Uoff,diff,
3.8,0.192102377,,0.021598965,0.001688652,1.074940284,0.042564413,1.3
