rho,,,UT,diff,Uon/Uoff,diff,
8.65,0.006100987,,0.098093329,0.020223236,1.037947163,0.027569644,1.3
