rho,,,UT,diff,Uon/Uoff,diff,
2.7,0.847191623,,0.002049252,0.000166262,1.125950965,0.145679665,1.3
