rho,,,UT,diff,Uon/Uoff,diff,
8.65,0.00472847,,0.090776432,0.002572923,1.05680544,0.025906484,1.5
