rho,,,UT,diff,Uon/Uoff,diff,
3.8,0.49507272,,0.009426212,0.000210334,0.981946649,0.044912278,1.5
