rho,,,UT,diff,Uon/Uoff,diff,
7.9,0.006538621,,0.074206736,0.003026074,1.043516715,0.039800579,1.5
