a,tauU/tau0,muU/muABL,diff,Uon/Uoff,diff,UT,diff,列番号,列（英語表記）
0.0047625,2.17485901,0.127120452,0.013793353,1.128079794,0.109772346,0.210657692,0.034077811,51,AY
