a,tauU/tau0,muU/muABL,diff,Uon/Uoff,diff,UT,diff,列番号,列（英語表記）
0.0047625,0.428072712,0.479427851,0.015310127,1.043516715,0.039800579,0.074206736,0.003026074,13,M
