,muU/muABL,diff,Uon/Uoff,diff,UT,diff,列番号,列（英語表記）
1,0.114981835,0.001397811,1.14261036,0.023114272,0.128010797,0.002049662,5,E
