,muU/muABL,diff,Uon/Uoff,diff,UT,diff,列番号,列（英語表記）
1,0.144501086,0.001722663,1.228345907,0.016216369,0.175735199,0.00275858,13,M
