,muU/muABL,diff,Uon/Uoff,diff,UT,diff,列番号,列（英語表記）
1,0.170821616,0.005753286,1.088685896,0.034802342,0.141409928,0.006433957,21,U
