rho,n-1/n,,Uon/Uoff,diff
3.8,-2.766666667,0.024884679,,
7.9,-2.766666667,0.003285224,1.043516715,0.039800579
8.65,-2.766666667,0.002556164,1.05680544,0.025906484
